<?xml version="1.0"?>
<!DOCTYPE hibernate-mapping PUBLIC "-//Hibernate/Hibernate Mapping DTD 3.0//EN"
"http://www.hibernate.org/dtd/hibernate-mapping-3.0.dtd">
<!-- Generated 06-feb-2018 17:49:04 by Hibernate Tools 4.3.1 -->
<hibernate-mapping>
    <class name="controdestocks.Articulo" table="articulo" schema="public" optimistic-lock="version">
        <id name="referencia" type="string">
            <column name="referencia" length="30" />
            <generator class="assigned" />
        </id>
        <property name="nombre" type="string">
            <column name="nombre" length="50" />
        </property>
        <property name="preciocompra" type="big_decimal">
            <column name="preciocompra" precision="7" />
        </property>
        <property name="precioventa" type="big_decimal">
            <column name="precioventa" precision="7" />
        </property>
        <property name="stock" type="big_decimal">
            <column name="stock" precision="131089" scale="0" />
        </property>
    </class>
</hibernate-mapping>
