<?xml version="1.0" encoding="UTF-8"?>
<project-private xmlns="http://www.netbeans.org/ns/project-private/1">
    <editor-bookmarks xmlns="http://www.netbeans.org/ns/editor-bookmarks/2" lastBookmarkId="0"/>
    <open-files xmlns="http://www.netbeans.org/ns/projectui-open-files/2">
        <group>
            <file>file:/C:/Users/Usuario/Desktop/2%20DAM/ACCESO%20A%20DATOS/TEMA%200%20Y%201/SERIALIZAR%20Y%20DESERIALIZAR/Biblioteca/src/biblioteca/Libro.java</file>
            <file>file:/C:/Users/Usuario/Desktop/2%20DAM/ACCESO%20A%20DATOS/TEMA%200%20Y%201/SERIALIZAR%20Y%20DESERIALIZAR/Biblioteca/src/biblioteca/Biblioteca.java</file>
        </group>
    </open-files>
</project-private>
