<?xml version="1.0"?>
<!DOCTYPE hibernate-mapping PUBLIC "-//Hibernate/Hibernate Mapping DTD 3.0//EN"
"http://www.hibernate.org/dtd/hibernate-mapping-3.0.dtd">
<!-- Generated 19-ene-2018 16:17:32 by Hibernate Tools 4.3.1 -->
<hibernate-mapping>
    <class name="cliente_compra.Cliente" table="cliente" schema="public" optimistic-lock="version">
        <id name="id" type="string">
            <column name="id" length="20" />
            <generator class="assigned" />
        </id>
        <property name="nombre" type="string">
            <column name="nombre" length="30" />
        </property>
        <set name="compras" table="compra" inverse="true" lazy="true" fetch="select">
            <key>
                <column name="cliente" length="20" />
            </key>
            <one-to-many class="cliente_compra.Compra" />
        </set>
    </class>
</hibernate-mapping>
