<?xml version="1.0"?>
<!DOCTYPE hibernate-mapping PUBLIC "-//Hibernate/Hibernate Mapping DTD 3.0//EN"
"http://www.hibernate.org/dtd/hibernate-mapping-3.0.dtd">
<!-- Generated 19-ene-2018 16:17:32 by Hibernate Tools 4.3.1 -->
<hibernate-mapping>
    <class name="cliente_compra.Compra" table="compra" schema="public" optimistic-lock="version">
        <id name="codigo" type="string">
            <column name="codigo" length="10" />
            <generator class="assigned" />
        </id>
        <many-to-one name="cliente" class="cliente_compra.Cliente" fetch="select">
            <column name="cliente" length="20" />
        </many-to-one>
        <property name="precio" type="big_decimal">
            <column name="precio" precision="4" />
        </property>
    </class>
</hibernate-mapping>
