<?xml version="1.0" encoding="UTF-8"?>
<project-private xmlns="http://www.netbeans.org/ns/project-private/1">
    <editor-bookmarks xmlns="http://www.netbeans.org/ns/editor-bookmarks/2" lastBookmarkId="0"/>
    <open-files xmlns="http://www.netbeans.org/ns/projectui-open-files/2">
        <group>
            <file>file:/C:/Users/sergio/Desktop/pelisHibernate/src/pelishibernate/Actor.java</file>
            <file>file:/C:/Users/sergio/Desktop/pelisHibernate/src/pelishibernate/hibernate.reveng.xml</file>
            <file>file:/C:/Users/sergio/Desktop/pelisHibernate/src/pelishibernate/NewHibernateUtil.java</file>
            <file>file:/C:/Users/sergio/Desktop/pelisHibernate/src/hibernate.cfg.xml</file>
            <file>file:/C:/Users/sergio/Desktop/pelisHibernate/src/pelishibernate/Pelicula.java</file>
            <file>file:/C:/Users/sergio/Desktop/pelisHibernate/src/pelishibernate/PelisHibernate.java</file>
        </group>
    </open-files>
</project-private>
