<?xml version="1.0"?>
<!DOCTYPE hibernate-mapping PUBLIC "-//Hibernate/Hibernate Mapping DTD 3.0//EN"
"http://www.hibernate.org/dtd/hibernate-mapping-3.0.dtd">
<!-- Generated 12-dic-2017 17:33:05 by Hibernate Tools 4.3.1 -->
<hibernate-mapping>
    <class name="personascurso.Personas" table="personas" schema="public" optimistic-lock="version">
        <id name="identificador" type="int">
            <column name="identificador" />
            <generator class="assigned" />
        </id>
        <property name="nombre" type="string">
            <column name="nombre" length="50" />
        </property>
        <set name="cursoses" table="matriculados" inverse="false" lazy="true" fetch="select">
            <key>
                <column name="id_persona" not-null="true" />
            </key>
            <many-to-many entity-name="personascurso.Cursos">
                <column name="id_curso" not-null="true" />
            </many-to-many>
        </set>
    </class>
</hibernate-mapping>
