<?xml version="1.0" encoding="UTF-8"?>
<project-private xmlns="http://www.netbeans.org/ns/project-private/1">
    <editor-bookmarks xmlns="http://www.netbeans.org/ns/editor-bookmarks/2" lastBookmarkId="2"/>
    <open-files xmlns="http://www.netbeans.org/ns/projectui-open-files/2">
        <group>
            <file>file:/C:/Users/Sandra/Desktop/bdretoshibernate/src/hibernate.reveng.xml</file>
            <file>file:/C:/Users/Sandra/Desktop/bdretoshibernate/src/bdretoshibernate/Bdretoshibernate.java</file>
            <file>file:/C:/Users/Sandra/Desktop/bdretoshibernate/src/bdretoshibernate/NewHibernateUtil.java</file>
            <file>file:/C:/Users/Sandra/Desktop/bdretoshibernate/src/bdretoshibernate/Reto.java</file>
        </group>
    </open-files>
</project-private>
