<?xml version="1.0"?>
<!DOCTYPE hibernate-mapping PUBLIC "-//Hibernate/Hibernate Mapping DTD 3.0//EN"
"http://www.hibernate.org/dtd/hibernate-mapping-3.0.dtd">
<!-- Generated 12-dic-2017 17:32:40 by Hibernate Tools 4.3.1 -->
<hibernate-mapping>
    <class name="tituloshibernate.Personas" table="personas" schema="public" optimistic-lock="version">
        <id name="cod" type="short">
            <column name="cod" precision="4" scale="0" />
            <generator class="assigned" />
        </id>
        <property name="nombre" type="string">
            <column name="nombre" length="50" />
        </property>
        <property name="email" type="string">
            <column name="email" length="60" />
        </property>
        <set name="cursoses" table="cursar" inverse="false" lazy="true" fetch="select">
            <key>
                <column name="codpersona" precision="4" scale="0" not-null="true" />
            </key>
            <many-to-many entity-name="tituloshibernate.Cursos">
                <column name="codcurso" precision="4" scale="0" not-null="true" />
            </many-to-many>
        </set>
    </class>
</hibernate-mapping>
