<?xml version="1.0" encoding="UTF-8"?>
<project-private xmlns="http://www.netbeans.org/ns/project-private/1">
    <editor-bookmarks xmlns="http://www.netbeans.org/ns/editor-bookmarks/2" lastBookmarkId="0"/>
    <open-files xmlns="http://www.netbeans.org/ns/projectui-open-files/2">
        <group>
            <file>file:/C:/Users/2-D/Documents/NetBeansProjects/AccesoADatos/src/accesoadatos/AccesoADatos.java</file>
            <file>file:/C:/Users/2-D/Documents/NetBeansProjects/AccesoADatos/src/accesoadatos/Main.java</file>
            <file>file:/C:/Users/2-D/Documents/NetBeansProjects/AccesoADatos/src/accesoadatos/Componente.java</file>
            <file>file:/C:/Users/2-D/Documents/NetBeansProjects/AccesoADatos/src/accesoadatos/ListaDeComponentes.java</file>
        </group>
    </open-files>
</project-private>
