<?xml version="1.0"?>
<!DOCTYPE hibernate-mapping PUBLIC "-//Hibernate/Hibernate Mapping DTD 3.0//EN"
"http://www.hibernate.org/dtd/hibernate-mapping-3.0.dtd">
<!-- Generated 18-ene-2018 3:50:53 by Hibernate Tools 4.3.1 -->
<hibernate-mapping>
    <class name="javaapplication4.Actores" table="actores" schema="public" optimistic-lock="version">
        <id name="id" type="string">
            <column name="id" length="15" />
            <generator class="assigned" />
        </id>
        <property name="nombre" type="string">
            <column name="nombre" length="25" />
        </property>
        <property name="apellido" type="string">
            <column name="apellido" length="60" />
        </property>
        <set name="peliculases" table="actuar" inverse="false" lazy="true" fetch="select">
            <key>
                <column name="idactor" length="15" not-null="true" />
            </key>
            <many-to-many entity-name="javaapplication4.Peliculas">
                <column name="idpeli" length="15" not-null="true" />
            </many-to-many>
        </set>
    </class>
</hibernate-mapping>
