<?xml version="1.0"?>
<!DOCTYPE hibernate-mapping PUBLIC "-//Hibernate/Hibernate Mapping DTD 3.0//EN"
"http://www.hibernate.org/dtd/hibernate-mapping-3.0.dtd">
<!-- Generated 18-ene-2018 3:50:53 by Hibernate Tools 4.3.1 -->
<hibernate-mapping>
    <class name="javaapplication4.Peliculas" table="peliculas" schema="public" optimistic-lock="version">
        <id name="id" type="string">
            <column name="id" length="15" />
            <generator class="assigned" />
        </id>
        <property name="titulo" type="string">
            <column name="titulo" length="35" />
        </property>
        <property name="anyo" type="java.lang.Short">
            <column name="anyo" precision="4" scale="0" />
        </property>
        <property name="director" type="string">
            <column name="director" length="40" />
        </property>
        <property name="valoracion" type="big_decimal">
            <column name="valoracion" precision="100" scale="0" />
        </property>
        <property name="ubicacion" type="string">
            <column name="ubicacion" length="45" />
        </property>
        <property name="tamanyo" type="big_decimal">
            <column name="tamanyo" precision="8" />
        </property>
        <set name="actoreses" table="actuar" inverse="false" lazy="true" fetch="select">
            <key>
                <column name="idpeli" length="15" not-null="true" />
            </key>
            <many-to-many entity-name="javaapplication4.Actores">
                <column name="idactor" length="15" not-null="true" />
            </many-to-many>
        </set>
    </class>
</hibernate-mapping>
