<?xml version="1.0"?>
<!DOCTYPE hibernate-mapping PUBLIC "-//Hibernate/Hibernate Mapping DTD 3.0//EN"
"http://www.hibernate.org/dtd/hibernate-mapping-3.0.dtd">
<!-- Generated 05-dic-2017 18:12:56 by Hibernate Tools 4.3.1 -->
<hibernate-mapping>
    <class name="cervezashibernate.Cervezas" table="cervezas" schema="public" optimistic-lock="version">
        <id name="id" type="short">
            <column name="id" precision="4" scale="0" />
            <generator class="assigned" />
        </id>
        <property name="marca" type="string">
            <column name="marca" length="30" />
        </property>
        <property name="comentarios" type="string">
            <column name="comentarios" length="150" />
        </property>
    </class>
</hibernate-mapping>
