<?xml version="1.0"?>
<!DOCTYPE hibernate-mapping PUBLIC "-//Hibernate/Hibernate Mapping DTD 3.0//EN"
"http://www.hibernate.org/dtd/hibernate-mapping-3.0.dtd">
<!-- Generated 15-ene-2018 23:06:45 by Hibernate Tools 4.3.1 -->
<hibernate-mapping>
    <class name="h.Dueno" table="dueno" schema="public" optimistic-lock="version">
        <id name="iddueno" type="short">
            <column name="iddueno" precision="4" scale="0" />
            <generator class="assigned" />
        </id>
        <property name="nombredueno" type="string">
            <column name="nombredueno" length="30" />
        </property>
        <set name="perros" table="perro" inverse="true" lazy="true" fetch="select">
            <key>
                <column name="dueno" precision="4" scale="0" />
            </key>
            <one-to-many class="h.Perro" />
        </set>
    </class>
</hibernate-mapping>
