<?xml version="1.0"?>
<!DOCTYPE hibernate-mapping PUBLIC "-//Hibernate/Hibernate Mapping DTD 3.0//EN"
"http://www.hibernate.org/dtd/hibernate-mapping-3.0.dtd">
<!-- Generated 15-ene-2018 23:06:45 by Hibernate Tools 4.3.1 -->
<hibernate-mapping>
    <class name="h.Perro" table="perro" schema="public" optimistic-lock="version">
        <id name="idperro" type="short">
            <column name="idperro" precision="4" scale="0" />
            <generator class="assigned" />
        </id>
        <many-to-one name="dueno" class="h.Dueno" fetch="select">
            <column name="dueno" precision="4" scale="0" />
        </many-to-one>
        <property name="nombreperro" type="string">
            <column name="nombreperro" length="30" />
        </property>
    </class>
</hibernate-mapping>
