<?xml version="1.0"?>
<!DOCTYPE hibernate-mapping PUBLIC "-//Hibernate/Hibernate Mapping DTD 3.0//EN"
"http://www.hibernate.org/dtd/hibernate-mapping-3.0.dtd">
<!-- Generated 16-ene-2018 23:11:33 by Hibernate Tools 4.3.1 -->
<hibernate-mapping>
    <class name="pelishibernate.Actor" table="actor" schema="public" optimistic-lock="version">
        <id name="idactor" type="short">
            <column name="idactor" precision="4" scale="0" />
            <generator class="assigned" />
        </id>
        <property name="nombreactor" type="string">
            <column name="nombreactor" length="30" />
        </property>
        <property name="apellidos" type="string">
            <column name="apellidos" length="60" />
        </property>
        <set name="peliculas" table="rueda" inverse="false" lazy="true" fetch="select">
            <key>
                <column name="idactorrueda" precision="4" scale="0" not-null="true" />
            </key>
            <many-to-many entity-name="pelishibernate.Pelicula">
                <column name="idpelicula" precision="4" scale="0" not-null="true" />
            </many-to-many>
        </set>
    </class>
</hibernate-mapping>
