<?xml version="1.0"?>
<!DOCTYPE hibernate-mapping PUBLIC "-//Hibernate/Hibernate Mapping DTD 3.0//EN"
"http://www.hibernate.org/dtd/hibernate-mapping-3.0.dtd">
<!-- Generated 16-ene-2018 23:11:33 by Hibernate Tools 4.3.1 -->
<hibernate-mapping>
    <class name="pelishibernate.Pelicula" table="pelicula" schema="public" optimistic-lock="version">
        <id name="idpelicula" type="short">
            <column name="idpelicula" precision="4" scale="0" />
            <generator class="assigned" />
        </id>
        <property name="titulo" type="string">
            <column name="titulo" length="30" />
        </property>
        <property name="ano" type="java.lang.Short">
            <column name="ano" precision="4" scale="0" />
        </property>
        <property name="director" type="string">
            <column name="director" length="30" />
        </property>
        <property name="valoracion" type="java.lang.Short">
            <column name="valoracion" precision="3" scale="0" />
        </property>
        <property name="ubicacion" type="string">
            <column name="ubicacion" length="30" />
        </property>
        <property name="tamaniomb" type="java.lang.Integer">
            <column name="tamaniomb" precision="6" scale="0" />
        </property>
        <set name="actors" table="rueda" inverse="false" lazy="true" fetch="select">
            <key>
                <column name="idpelicula" precision="4" scale="0" not-null="true" />
            </key>
            <many-to-many entity-name="pelishibernate.Actor">
                <column name="idactorrueda" precision="4" scale="0" not-null="true" />
            </many-to-many>
        </set>
    </class>
</hibernate-mapping>
