<?xml version="1.0" encoding="UTF-8"?>
<project-private xmlns="http://www.netbeans.org/ns/project-private/1">
    <editor-bookmarks xmlns="http://www.netbeans.org/ns/editor-bookmarks/2" lastBookmarkId="0"/>
    <open-files xmlns="http://www.netbeans.org/ns/projectui-open-files/2">
        <group>
            <file>file:/C:/Users/usuario/Documents/NetBeansProjects/eclipse/src/eclipse/FXMLDocumentController.java</file>
            <file>file:/C:/Users/usuario/Documents/NetBeansProjects/eclipse/src/eclipse/Eclipse.java</file>
            <file>file:/C:/Users/usuario/Documents/NetBeansProjects/eclipse/src/eclipse/FXMLDocument.fxml</file>
            <file>file:/C:/Users/usuario/Documents/NetBeansProjects/eclipse/src/eclipse/Componente.java</file>
            <file>file:/C:/Users/usuario/Documents/NetBeansProjects/eclipse/src/eclipse/Serializador.java</file>
            <file>file:/C:/Users/usuario/Documents/NetBeansProjects/eclipse/src/eclipse/ListaDeComponentes.java</file>
        </group>
    </open-files>
</project-private>
