<?xml version="1.0"?>
<!DOCTYPE hibernate-mapping PUBLIC "-//Hibernate/Hibernate Mapping DTD 3.0//EN"
"http://www.hibernate.org/dtd/hibernate-mapping-3.0.dtd">
<!-- Generated 07-dic-2017 17:33:01 by Hibernate Tools 4.3.1 -->
<hibernate-mapping>
    <class name="concursoshibernate.Concursos" table="concursos" schema="public" optimistic-lock="version">
        <id name="id" type="string">
            <column name="id" length="15" />
            <generator class="assigned" />
        </id>
        <property name="nombre" type="string">
            <column name="nombre" length="35" />
        </property>
        <property name="fecha" type="date">
            <column name="fecha" length="13" />
        </property>
    </class>
</hibernate-mapping>
