<?xml version="1.0"?>
<!DOCTYPE hibernate-mapping PUBLIC "-//Hibernate/Hibernate Mapping DTD 3.0//EN"
"http://www.hibernate.org/dtd/hibernate-mapping-3.0.dtd">
<!-- Generated 18-ene-2018 17:46:03 by Hibernate Tools 4.3.1 -->
<hibernate-mapping>
    <class name="javaapplication5.Alquilar" table="alquilar" schema="public" optimistic-lock="version">
        <composite-id name="id" class="javaapplication5.AlquilarId">
            <key-property name="idmatricula" type="string">
                <column name="idmatricula" length="8" />
            </key-property>
            <key-property name="idcodigo" type="string">
                <column name="idcodigo" length="15" />
            </key-property>
            <key-property name="fechaentrega" type="timestamp">
                <column name="fechaentrega" length="29" />
            </key-property>
        </composite-id>
        <many-to-one name="clientes" class="javaapplication5.Clientes" update="false" insert="false" fetch="select">
            <column name="idcodigo" length="15" not-null="true" />
        </many-to-one>
        <many-to-one name="vehiculos" class="javaapplication5.Vehiculos" update="false" insert="false" fetch="select">
            <column name="idmatricula" length="8" not-null="true" />
        </many-to-one>
        <property name="fechasalida" type="timestamp">
            <column name="fechasalida" length="29" />
        </property>
        <property name="kilometros" type="big_decimal">
            <column name="kilometros" precision="10" />
        </property>
        <property name="comentarios" type="string">
            <column name="comentarios" />
        </property>
    </class>
</hibernate-mapping>
