<?xml version="1.0"?>
<!DOCTYPE hibernate-mapping PUBLIC "-//Hibernate/Hibernate Mapping DTD 3.0//EN"
"http://www.hibernate.org/dtd/hibernate-mapping-3.0.dtd">
<!-- Generated 18-ene-2018 17:46:03 by Hibernate Tools 4.3.1 -->
<hibernate-mapping>
    <class name="javaapplication5.Clientes" table="clientes" schema="public" optimistic-lock="version">
        <id name="codigo" type="string">
            <column name="codigo" length="15" />
            <generator class="assigned" />
        </id>
        <property name="nombre" type="string">
            <column name="nombre" length="70" />
        </property>
        <property name="direccion" type="string">
            <column name="direccion" length="50" />
        </property>
        <property name="telefono" type="string">
            <column name="telefono" length="13" />
        </property>
        <set name="alquilars" table="alquilar" inverse="true" lazy="true" fetch="select">
            <key>
                <column name="idcodigo" length="15" not-null="true" />
            </key>
            <one-to-many class="javaapplication5.Alquilar" />
        </set>
    </class>
</hibernate-mapping>
