<?xml version="1.0"?>
<!DOCTYPE hibernate-mapping PUBLIC "-//Hibernate/Hibernate Mapping DTD 3.0//EN"
"http://www.hibernate.org/dtd/hibernate-mapping-3.0.dtd">
<!-- Generated 18-ene-2018 17:46:03 by Hibernate Tools 4.3.1 -->
<hibernate-mapping>
    <class name="javaapplication5.Furgonetas" table="furgonetas" schema="public" optimistic-lock="version">
        <id name="matricula" type="string">
            <column name="matricula" length="8" />
            <generator class="assigned" />
        </id>
        <property name="marca" type="string">
            <column name="marca" length="25" />
        </property>
        <property name="modelo" type="string">
            <column name="modelo" length="35" />
        </property>
        <property name="color" type="string">
            <column name="color" length="25" />
        </property>
        <property name="importe" type="big_decimal">
            <column name="importe" precision="7" />
        </property>
        <property name="capacidad" type="big_decimal">
            <column name="capacidad" precision="7" />
        </property>
    </class>
</hibernate-mapping>
